id;sys_notice_id;recipient_id;update_time;status
1;5801;Pants Salad;violet RAM Chips;55636
2;27463;core;SMS matrix Tasty;22688
3;79495;Bedfordshire TCP;reboot bypass bandwidth;48180
4;2681;Functionality methodologies Centralized;Strategist interactive transmit;43305
5;33468;Engineer Integration;Intelligent XSS;22630
6;2689;青海省 array;compress Lempira;84727
7;37672;product impactful;Coordinator Lesotho;37683
8;63104;port drive 湖北省;宁夏;74090
9;86164;PCI AGP input;connecting adapter 湖北省;1861
10;58591;路 街;FTP;99340
