id;trace_id;login_name;request_uri;client_ip;jhi_current_time
1;Mozambique Granite;utilize scalable Rubber;mesh connecting transmit;indigo morph;Optional invoice Movies
2;Manager cross-platform;feed;Gibraltar 1080p 内蒙古;Frozen Stand-alone Architect;synthesize innovate
3;Orchestrator;Garden up bleeding-edge;monitor Soft;Agent;deposit
4;pink Account;innovate blue;浙江省;Kids;sensor Bacon Berkshire
5;Liaison functionalities withdrawal;white didactic Table;product orchid;enhance Refined;extensible markets
6;Borders quantifying SDD;input;Ball needs-based Incredible;Multi-tiered Peru Tools;mission-critical Officer
7;Future cross-platform CFA;Investment payment XML;Berkshire 甘肃省;connect Quetzal 山西省;vortals
8;Factors plum;HTTP Multi-tiered;Cheese;XSS bleeding-edge Checking;Southern enterprise
9;Metrics;Peso;high-level JSON invoice;web-enabled cross-platform homogeneous;platforms moderator architect
10;Chair Ergonomic;repurpose;Program;Brand;Granite Fantastic Dollar
