id;trace_id;jhi_current_time;jhi_sql;execute_millis;execute_params
1;浙江省 Cotton;transmit 街 Consultant;Fresh EXE violet;up Baby withdrawal;Account productize Producer
2;Emirates;Car Architect;Producer e-enable compress;Berkshire Investment;navigating
3;SDD Licensed;matrix haptic Papua;Norwegian circuit;Innovative;Shoes
4;Licensed Vietnam;out-of-the-box impactful;mesh Czech backing;Bedfordshire Account;strategize
5;RAM Seychelles Down-sized;plug-and-play Loan silver;Identity Accounts;江西省;payment hacking Singapore
6;Hat;Handmade Generic Agent;Bedfordshire;Congo up Kingdom;reboot
7;Greece;Practical;Plastic bottom-line Moldova;Forward Health;withdrawal Kroon synergies
8;Infrastructure quantify;program;Steel;synergy throughput Unbranded;Money
9;withdrawal;Internal Chips;auxiliary Soft Checking;旁 Designer;indigo Ergonomic payment
10;Islands solid;card blue;栋 Reverse-engineered;Bedfordshire Checking lime;deposit
